Country Code (ISO 3166-1);ror ENTSO-E
"+ Restore""";
AT;0.598461374
BE;0.1
BA;0.4
BG;0.3
HR;0.4
CZ;0.1
DK;1
EE;1
FI;0.8
FR;0.556670985
DE;0.887466046
GB;0.2
GR;0.2
HU;0.50877193
IE;0.2
IT;0.4
LV;1
LT;0.4
LU;0.694444444
NL;1
NO;0.075975003
PL;0.707865169
PT;0.674745187
RO;0.412673879
RS;0.817629179
SK;1
SI;0.4
ES;0.056299294
SE;0.4
CH;0.038137294
